System,Elec-SR,VdW-SR,Elec-LR,VdW-LR,sum_E,Expt_Kd
WT-Ca,-1950.9,-25.9,732.3,15.6,-1228.9,71000
4P2A-Ca,-2213.2,-24.1,756.8,15.9,-1464.6,26000
WT-Sm,-3361.2,44.4,732.4,38.6,-2545.8,6.6
WT-La,-3270.2,30.4,728.7,34.3,-2476.8,5.3
WT-Nd,-3339.8,38.9,730.1,36.7,-2534.1,5.3
WT-Tb,-3417,50.1,734.5,40.9,-2591.5,21
WT-Y,-3435.7,52.5,733.7,40.7,-2608.8,17
WT-Gd,-3380.1,45.3,732.2,38.8,-2563.8,10
4P2A-La,-3370.2,33.4,730.2,34.4,-2572.2,1
4P2A-Nd,-3837.7,31.4,755.6,33.8,-3016.9,0.44
